{"camera_matrix": [[795.3696299826021, 0.0, 492.57329698739113], [0.0, 797.3331707959773, 372.5659482039892], [0.0, 0.0, 1.0]], "distortion_coefficients": [[0.06368343522694643, -0.2340665038292354, 0.0015838039040876415, 0.0026497141498542944, 0.14230255403174835]]}