{
    "aspect_ratio": 1.6,
    "camera_matrix": [
        [
            1321.5030177675765,
            0.0,
            763.385168511886
        ],
        [
            0.0,
            1327.9592573621323,
            494.93250836436187
        ],
        [
            0.0,
            0.0,
            1.0
        ]
    ],
    "distortion_coefficients": [
        [
            0.055764032942161694,
            -0.1700050453380352,
            -0.0028056916670508593,
            0.0006434607299710345,
            0.0331770702717552
        ]
    ],
    "error": 0.04929058157204201,
    "image_width": 1600
}