{
    "aspect_ratio": 1.3333333333333333,
    "camera_matrix": [
        [
            1323.6497638843846,
            0.0,
            790.2312983886925
        ],
        [
            0.0,
            1330.3030254371129,
            586.5039663700833
        ],
        [
            0.0,
            0.0,
            1.0
        ]
    ],
    "distortion_coefficients": [
        [
            0.05417385921189653,
            -0.2037635226105998,
            -0.0001827698649290424,
            -0.0023325650266265018,
            0.13233238085200502
        ]
    ],
    "error": 0.046901516093655324,
    "image_height": 1200,
    "image_width": 1600
}